genres,acousticness,danceability,duration_ms,energy,liveness,speechiness,valence,popularity
acoustic pop,49.0235026,53.510831700000004,235.3797836,47.6439922,15.775049899999999,4.1770665,37.9415353,5311.550475
afghan pop,41.0628571,65.1714286,326.5039286,65.1571429,8.7460714,8.4414286,78.4107143,3932.1428570000003
afropop,43.6659746,62.580321299999994,309.9689753,53.452464,15.9884035,7.7084721,64.8471126,4138.034148
albanian pop,0.28700000000000003,68.30000000000001,187.106,66.5,8.39,4.99,66.7,4200.0
alternative pop,11.006783200000001,45.5066258,221.23053099999998,75.9271015,17.2594815,5.0904131,54.755773600000005,3763.709806
alternative pop rock,17.0467446,61.9229437,200.1459481,72.0244156,18.758303,6.8705931,64.3760173,5408.095238
ambient pop,74.4708333,27.641666700000002,228.7964667,21.773,12.652333299999999,3.6085,16.8668333,4458.3333330000005
antiviral pop,17.7661363,66.0696595,206.00262890000002,72.2974734,21.847259,10.773111100000001,61.2280178,5432.21362
arab pop,47.8771088,57.8910374,286.9140157,54.113818,17.0225425,5.3887577,60.274736399999995,3518.877551
argentine telepop,19.400000000000002,62.2,201.773,69.69999999999999,30.5,2.88,84.3,5900.0
art pop,33.830742400000005,53.909124399999996,253.5570744,53.8730452,16.987846100000002,5.418891,41.8311367,5009.39632
australian alternative pop,68.3729043,48.4417391,250.4631652,39.5973913,14.336695699999998,4.4387826,13.350260899999999,6304.347826
australian electropop,17.5574947,57.418151900000005,263.49608020000005,66.1549312,17.7977233,4.8345304,41.250682100000006,5058.788515
australian pop,23.2096394,59.0632402,241.329884,64.9048972,16.6159345,5.9337497,48.8809386,5752.646006
austrian pop,29.8333333,48.616666699999996,237.0531667,50.1833333,17.4366667,6.1608333,19.625,4975.0
austropop,21.876,74.96000000000001,262.3678,71.14,12.028,6.619999999999999,84.38,5540.0
bahamian pop,6.4033333,81.57777779999999,199.84455559999998,87.5888889,16.84,8.5377778,84.3333333,5022.222222
barbadian pop,17.048723,72.42426520000001,238.7462925,71.6150896,12.282638,7.4711685,73.99884589999999,5490.9319000000005
baroque pop,36.0176606,50.987338699999995,227.5691448,57.3225039,18.594192,4.347512500000001,51.761499099999995,4310.1532050000005
bedroom pop,42.238255800000005,61.5865376,197.8140949,48.3911121,16.5984828,5.5689892,48.975724,6502.013746999999
belarusian pop,2.85,33.0,292.027,91.3,34.599999999999994,4.5,29.4,5700.0
belgian pop,6.8921333,67.44666670000001,211.26535560000002,81.3266667,15.908444399999999,10.5708889,51.92,5460.0
beninese pop,5.76,66.3,305.733,84.89999999999999,35.8,3.58,96.6,4100.0
bitpop,7.3263059,45.255882400000004,293.8876176,84.6088235,17.5011765,6.0176471000000005,33.317647099999995,5073.529412
bow pop,53.844745800000005,44.3991428,243.772913,43.1574539,18.1153424,5.5812761,37.685684,4346.647198000001
boy pop,7.720000000000001,58.8,206.1935,81.2,17.4,5.62,58.050000000000004,5150.0
brill building pop,54.7929154,52.8441099,169.48096660000002,50.001919900000004,21.3327362,4.7820156,65.3900124,3298.51256
britpop,11.6831425,47.9605026,239.6840209,70.6577632,20.5224369,4.9245408,52.792688,4810.575796
bubblegum pop,39.9640497,55.302676399999996,174.6885664,56.4581035,19.2819206,5.0578414,69.03441049999999,3546.185552
c-pop,59.5649059,53.9153612,249.52269,40.3498681,19.554370900000002,3.4916118000000003,38.5258997,4305.656876
cameroonian pop,7.19,54.2,223.154,81.2,5.87,18.5,89.9,0.0
canadian electropop,19.4043574,63.5724471,212.6401415,63.1437169,14.587876999999999,5.8642751,38.9603836,5670.37037
canadian pop,29.7364324,57.6829639,233.1740513,60.8836196,17.4002716,7.055159399999999,47.110521999999996,5317.232408999999
canadian pop punk,13.3472549,47.6878136,203.6219516,79.0883871,15.790100400000002,6.5364803,52.8087455,5233.11828
candy pop,12.205534499999999,55.422555100000004,215.2709281,75.5793723,20.8072974,6.1909969,51.3285647,4959.883442
canto popular uruguayo,75.25,59.9,266.867,27.85,10.95,3.4750000000000005,38.75,4300.0
cantopop,60.8866543,56.4870118,236.1785517,42.9858288,16.1936584,3.2771641,37.4069337,4640.513945
chamber pop,48.3492422,50.8265748,250.3081172,47.914864200000004,14.815709499999999,4.0783283,40.812799,5099.522841999999
channel pop,63.743619100000004,55.4035124,214.8450771,42.5722796,15.097135,4.3559676,38.4626722,4850.378788
chicago pop punk,28.63875,39.900000000000006,243.6585,64.825,13.62,3.8600000000000003,34.949999999999996,5450.0
chill pop,62.481812500000004,74.29375,195.6203125,43.85625,13.4025,11.451875000000001,82.22500000000001,2912.5
chinese electropop,0.257,66.0,217.088,78.7,32.300000000000004,3.2,19.900000000000002,7850.0
chinese idol pop,14.2,75.1,232.15,71.89999999999999,14.799999999999999,3.73,43.7,7300.0
christian pop,17.5486163,54.1053703,250.6208959,66.88249429999999,17.7548332,4.7113934,41.989915599999996,5319.467796
classic arab pop,75.75060500000001,45.679581,418.2904274,35.6818334,28.5197001,5.0544553,50.5190879,1953.3003
classic belgian pop,33.4,49.2666667,202.6796667,65.83333329999999,12.6916667,6.765000000000001,72.65,5716.6666669999995
classic cantopop,57.8341514,53.901291500000006,239.150337,39.4943665,19.136139099999998,3.3149259,37.807375799999996,4104.512281
classic colombian pop,60.9919066,66.27849839999999,191.90922849999998,44.0442039,16.9489789,6.0412040000000005,76.0587512,2218.6459
classic country pop,53.75133760000001,59.4258183,177.349585,44.5608865,17.1153016,4.1294085,65.4839092,3481.8488799999996
classic czech pop,89.60000000000001,32.1333333,145.627,31.766666700000002,10.02,3.5833333,42.5,466.6666667
classic danish pop,54.913277199999996,61.4677193,228.32205960000002,44.2779649,15.1781053,10.9733684,61.3477193,2435.438596
classic finnish pop,67.30000000000001,77.5,151.48,48.699999999999996,20.3,12.2,92.10000000000001,3800.0
classic french pop,14.499999999999998,71.7,249.28,80.4,30.0,6.890000000000001,85.1,4900.0
classic greek pop,76.69130750000001,54.5529454,192.2405352,39.4643678,15.5422055,4.2779598000000005,61.120905199999996,2664.439655
classic icelandic pop,53.2,56.00000000000001,407.987,30.5,66.5,2.78,3.93,4700.0
classic indo pop,4.09,37.0,295.947,51.4,28.299999999999997,3.02,17.0,5600.0
classic israeli pop,52.0054535,52.1479365,237.87733780000002,49.2512132,13.3945159,5.6214603,49.7594501,3920.9750569999997
classic italian folk pop,91.78693439999999,41.241852099999996,186.32322349999998,20.5180065,24.8048099,4.194059800000001,44.559159799999996,627.1524635
classic italian pop,61.189543199999996,50.2050651,227.6171697,41.0835104,19.2309771,5.5639023000000005,51.4276803,3496.3343780000005
classic korean pop,42.5552381,49.0047619,240.91,27.6714286,10.3033333,2.9742857000000003,22.7,3195.2380949999997
classic latvian pop,72.5666667,27.666666699999997,211.369,39.866666699999996,9.3133333,3.15,24.4933333,66.6666667
classic mandopop,55.732324600000005,54.1027955,270.14309000000003,42.844965200000004,22.1477962,3.5289181000000003,36.6638873,4416.460658999999
classic norwegian pop,37.015,50.449999999999996,218.527,63.05,11.67,5.680000000000001,72.2,3850.0
classic pakistani pop,78.1877381,53.4436812,274.1763205,40.247990900000005,21.1929846,7.7432391,64.48534649999999,2044.8626010000003
classic persian pop,72.16739129999999,48.126521700000005,303.5540022,43.9208696,20.1106522,7.636087,54.372826100000005,3256.5217390000003
classic peruvian pop,66.2410714,62.5450893,218.7038616,60.1017857,21.5055357,7.479553599999999,79.61875,2158.928571
classic polish pop,59.1666667,60.66666670000001,188.5411667,45.9666667,10.73,4.1000000000000005,68.7,4183.3333330000005
classic punjabi pop,58.576666700000004,66.5,217.4523333,52.866666699999996,27.3333333,6.950000000000001,73.5,3400.0
classic russian pop,78.4176136,57.806628800000006,173.5162027,28.5377273,17.2107955,10.0464015,69.9138258,3558.333333
classic swedish pop,43.2147451,59.9329412,198.99646669999998,59.0726863,16.0824706,5.3992941000000005,64.9862745,4079.803922
classic thai pop,36.9,56.599999999999994,234.853,74.6,9.59,3.32,63.0,100.0
classic tunisian pop,17.599999999999998,80.7,281.443,63.9,5.8999999999999995,4.16,69.19999999999999,4900.0
classic turkish pop,72.8166667,44.8722222,207.87588889999998,49.9166667,35.8388889,5.0494444,57.1722222,3616.666667
classic uk pop,37.5463848,55.7261496,224.9981279,55.394110100000006,18.7787262,5.5652345,62.4434854,4041.996483
classic venezuelan pop,58.2446843,60.19012609999999,215.3952667,59.1740278,13.489922300000002,5.574763600000001,78.9305313,3590.062692
collage pop,24.947666700000003,64.8625,196.458125,72.2541667,28.558125,12.02125,52.081250000000004,4802.0833330000005
colombian pop,32.089601200000004,72.0816345,223.30730480000003,66.90302820000001,15.4497196,7.5274942,68.6692889,6373.855681
country pop,20.1167692,58.110050199999996,210.4176313,68.8556523,16.9313855,4.519775699999999,55.5232685,5742.765665999999
croatian pop,34.8858333,56.158333299999995,231.9842083,70.9875,11.825,4.7366667,54.483333300000005,4087.5
cumbia pop,6.734999999999999,76.05,215.5198333,69.1166667,31.15,9.66,82.38333329999999,6333.3333330000005
cypriot pop,94.7111111,38.966666700000005,196.99566670000002,58.888888900000005,21.6533333,3.8,75.1111111,0.0
dance pop,18.368680700000002,65.1811584,229.1908339,68.4380682,18.1670605,8.4431742,54.5698019,5566.833968
danish electropop,94.6,54.2,247.818,16.0,26.3,3.65,19.8,5300.0
danish pop,4.1964444,74.42063490000001,223.10557139999997,72.72698410000001,13.202857100000001,9.6771429,51.8142857,5965.079365
danish pop rock,53.765476199999995,46.9166667,354.7187857,45.9309524,52.121190500000004,4.2221429,47.180952399999995,4457.142857
deep acoustic pop,0.357,41.9,214.333,73.4,24.3,2.94,72.89999999999999,3600.0
deep dance pop,10.545,71.05,257.24,83.3,28.199999999999996,15.15,44.4,7350.0
deep indian pop,61.7719075,62.0986972,260.0911472,43.1981999,17.8070419,9.4356736,63.759378899999994,2514.12719
deep pop edm,29.731428599999997,61.550000000000004,213.09485709999998,49.0071429,9.9192857,4.9607143,29.3657143,6250.0
desi pop,45.3290193,63.3071066,286.68203950000003,57.927891499999994,15.6211994,8.7851035,65.368175,4171.135988
dominican pop,34.275687399999995,73.13650539999999,260.0056177,64.5218907,15.614114200000001,6.838609099999999,80.641986,4688.42212
dream pop,31.9238201,42.4434378,282.1678662,56.527107,16.6406462,4.7371713,36.408351700000004,4482.8103040000005
dutch pop,32.2456227,65.4686532,199.66368549999999,60.584747500000006,14.894094299999999,9.098447799999999,50.3364646,5766.767677
dutch rap pop,8.9786667,90.74,151.3318667,70.9266667,8.0226667,6.1933333,72.8266667,6726.666667
early synthpop,6.792206800000001,64.2430556,260.4058426,62.1527778,18.8724228,4.7847377,63.123734600000006,3671.450617
ecuadorian pop,38.5037897,73.8414683,236.55410709999998,64.1626984,18.5139087,6.583749999999999,77.1323413,5095.436508000001
egyptian pop,9.691111099999999,75.8333333,236.204,75.0666667,16.5433333,5.4144444,82.5222222,5322.222222
electro-pop francais,35.1533333,70.8166667,271.9173333,53.75,22.4033333,4.1833333,37.3333333,6050.0
electropop,18.0464128,63.7709341,229.33217480000002,67.9317144,18.3917721,7.781152500000001,46.186222799999996,5775.070926
electropowerpop,4.0617938,57.53212920000001,208.62272049999999,79.0592105,21.5713756,8.8457765,58.2918182,5090.536569
estonian pop,36.0,51.9285714,173.0508571,83.95714290000001,30.6571429,16.8185714,51.071428600000004,5842.857143
etherpop,33.8648599,57.8171525,235.5104914,55.4428049,13.7541179,7.138494400000001,33.599455999999996,5278.815822
ethiopian pop,74.9,46.9,302.293,20.4,10.6,5.18,34.2,3900.0
europop,15.0140775,66.2348924,241.76112080000001,76.1082483,19.6386156,5.4330727,65.1537843,5219.089771
experimental pop,32.7269404,53.598143300000004,239.8382007,54.4202118,17.673778900000002,5.401402,43.1029719,4729.447245
faroese pop,87.5,37.1,171.973,33.4,11.4,2.96,30.8,3700.0
folk-pop,39.3097574,56.9047784,210.4994004,52.6021384,14.444700899999999,4.9109714,42.1016253,5612.680488
french indie pop,44.255833300000006,67.7166667,252.1443056,54.652777799999996,18.480555600000002,4.3183333,51.4961111,5394.444444
french pop,50.7018646,55.726173599999996,230.93365020000002,47.9486857,18.5283846,4.629342899999999,51.163411,4909.435678
french synthpop,22.547061,66.3498667,279.5734187,73.5852,15.146799999999999,4.35116,66.9918133,5498.266667
funk pop,30.4111111,75.6888889,198.5885556,71.39999999999999,16.9033333,19.8088889,74.1333333,7288.888889000001
futurepop,3.9575,64.8625,340.119625,60.525,27.534999999999997,3.40875,63.425,4600.0
gabonese pop,4.83,73.8,342.76,56.39999999999999,7.24,3.81,93.30000000000001,3600.0
garage pop,15.7235883,45.955,191.4494,82.4158333,18.17175,6.587750000000001,56.250833300000004,4427.5
gauze pop,14.8183103,58.3329957,247.7176916,57.144224099999995,14.8558621,4.8598276,33.9912069,5538.362069
german pop,33.2999185,64.47759400000001,244.1381126,57.1564599,16.095655999999998,4.6763252,54.49223680000001,5545.1503760000005
german pop rock,29.975039999999996,61.839999999999996,220.36939999999998,55.14,12.692,3.25,50.88,7040.000000000001
glitch pop,21.568,53.5,300.2108,67.88,11.23,3.7159999999999997,29.82,5600.0
greek pop,78.5178025,58.306399,197.92836540000002,45.6672708,16.2594283,5.166074200000001,67.42108730000001,2245.350052
grunge pop,0.0894975,54.949999999999996,211.4038333,86.96666669999999,28.641666700000002,6.1366667,42.05,4216.6666669999995
guatemalan pop,62.2,59.099999999999994,265.307,67.2,11.200000000000001,3.75,26.700000000000003,7400.0
guinean pop,53.6,47.449999999999996,424.133,54.50000000000001,13.0,3.685,63.0,3200.0
gujarati pop,73.6,61.9,195.253,42.8,13.600000000000001,2.81,54.2,6400.0
haryanvi pop,99.4,56.2,175.34,20.0,15.0,7.5,21.6,0.0
hip pop,17.139142399999997,70.1733392,254.91479569999998,65.5643221,18.6136789,15.9223962,59.3900285,4789.587654999999
hokkien pop,57.535000000000004,46.815,312.40195,51.32,50.465,4.7065,33.725,4865.0
hungarian pop,95.1,59.0,184.2,41.199999999999996,9.77,3.26,74.6,0.0
hyperpop,24.563785499999998,63.640267900000005,175.0004098,61.49250000000001,24.681446400000002,12.0362589,55.38125,5571.4285709999995
icelandic pop,45.3352365,49.303686400000004,321.676518,39.6325082,26.1907577,3.9371627,21.7607663,4616.721753
ilocano pop,81.10625,68.65625,177.605125,26.665625,14.37125,3.729375,76.63125,3406.25
indie cafe pop,51.855300699999994,56.415338999999996,215.42761240000002,44.088866700000004,14.745829599999999,6.0478461,35.8247342,6164.531789000001
indie dream pop,39.1695,57.466666700000005,211.4243333,56.1666667,11.408333299999999,3.9383333,36.7166667,5283.3333330000005
indie electropop,18.826847899999997,62.8647619,217.2971591,64.2457278,19.6933482,8.790439899999999,37.4672024,5844.943182
indie pop,31.057207399999996,55.8455291,222.97768,59.977673200000005,17.6004229,6.0591028,46.5099676,5499.434738
indie pop rap,15.374380300000002,66.6196204,219.1652834,71.0583956,22.085616299999998,18.7195315,50.9255169,5559.766412
indie poptimism,17.298945099999997,60.749898,218.8771395,69.0319909,17.277018299999998,7.139250799999999,45.713893,5773.622076000001
indie psych-pop,56.9444444,58.4888889,199.1857778,39.2388889,12.7438889,5.1766667,34.1033333,6022.222222
indonesian pop,40.0855556,48.3111111,233.4244444,40.1555556,19.2188889,5.029999999999999,34.4888889,5500.0
irish pop,32.3187,56.2735,193.648415,58.716,10.3569,5.81855,38.8836,6068.5
israeli pop,42.9299524,63.6495238,223.73678750000002,55.5557857,17.465249999999997,7.732452400000001,47.6619881,5445.238095
italian adult pop,48.9677503,53.9930939,242.30622,52.431961400000006,18.4877659,7.405157099999999,55.7170655,4547.504327
italian indie pop,36.3783333,64.75,266.1243333,60.66666670000001,17.3783333,3.55,61.5333333,5166.6666669999995
italian pop rock,33.5666667,63.33333330000001,319.7336667,33.800000000000004,11.959999999999999,2.9466666999999998,48.2666667,4866.6666669999995
j-pop,11.5216686,53.0304623,256.3605287,81.96657499999999,21.6876253,6.2099655,55.524423,5630.558333
j-pop girl group,26.545,60.4833333,235.8033333,86.6333333,16.6033333,5.135,82.0166667,4800.0
j-poprock,8.0916313,48.928714899999996,242.5582588,87.9750223,20.2089978,8.0165294,52.6038754,5740.855655
jangle pop,12.4698558,47.8479349,227.1706668,71.5127808,21.3560128,4.3851251,63.802421700000004,3676.703886
japanese city pop,27.598882600000003,66.4746924,273.5299679,67.5896995,17.628474999999998,4.1774172,69.3864715,3985.7484130000003
japanese dream pop,17.431,62.11,512.7175,70.67,15.811,4.4639999999999995,49.34,4630.0
japanese electropop,8.3153,66.4125,187.1161875,81.71875,22.319375,10.8825,66.9125,5962.5
japanese pop punk,8.0177772,42.956250000000004,253.7471667,86.6520833,25.483958299999998,5.3827083,52.309722199999996,4402.0833330000005
jazz pop,71.302306,60.026416999999995,248.9938142,32.4711543,14.833585,5.3749739,31.299528799999997,5199.066051
jordanian pop,0.262,72.5,247.933,87.4,9.58,3.9600000000000004,74.8,6700.0
k-pop,18.6775346,67.5619961,214.4475994,74.31872990000001,19.161087199999997,8.8007334,59.1478375,6355.665413
k-pop boy group,14.9082012,66.0710764,223.4545684,75.2909173,16.0608791,7.2937455,59.2972136,5894.349568
k-pop girl group,11.578278000000001,71.3647289,203.8132191,82.74599339999999,18.7670334,9.0794469,64.8723462,6487.079304
kashmiri pop,98.9875,66.55,180.375125,15.47875,14.854999999999999,24.575,71.3875,0.0
korean pop,38.7705924,61.8350498,233.6829983,58.7825028,14.8595017,5.6028239,53.6516058,4939.147287
la pop,18.7981546,57.729743600000006,228.5885842,65.218895,21.4267906,11.1945482,38.088473699999994,5906.0012209999995
latin arena pop,30.0596749,60.683727499999996,247.3522298,60.981529099999996,20.255679400000002,5.0029507,51.856092399999994,5625.479713
latin pop,33.537724000000004,62.736564900000005,233.6686798,63.093339699999994,18.5847677,5.6227445000000005,59.4827435,5459.49554
latin viral pop,22.4974163,70.3072061,224.5840761,67.94923510000001,18.251566,9.2521457,61.93312399999999,5556.642511999999
latvian pop,72.5666667,27.666666699999997,211.369,39.866666699999996,9.3133333,3.15,24.4933333,66.6666667
lebanese pop,61.3654762,53.1735317,323.6367034,41.990575400000004,17.0081548,4.8532123,52.9188294,3271.825397
mainland chinese pop,55.95,55.50000000000001,269.357,45.875,14.094999999999999,3.6174999999999997,42.9,5600.0
malaysian mandopop,61.0375,52.4375,264.84025,42.6875,13.895,3.11125,24.712500000000002,5037.5
malaysian pop,9.87925,55.7875,238.1005,57.987500000000004,13.91125,4.2,30.17,5262.5
mande pop,64.29794869999999,53.4748718,371.8982974,37.4073077,16.0789872,3.9849615,58.9984615,4468.589744
mandopop,51.217430799999995,55.7620195,270.475126,45.9949001,17.1066386,3.2530525,34.0763406,5191.316623000001
marathi pop,27.800000000000004,74.4,309.64,70.0,6.800000000000001,3.7600000000000002,86.6,5900.0
metropopolis,20.1146239,59.332244599999996,243.8033163,67.2333881,16.5896356,5.9554127999999995,43.7748418,5293.71542
mexican pop,31.845359499999997,64.6887286,232.8024995,63.4427314,18.8565145,5.7880198,56.3058439,5712.792212
mexican pop punk,0.58818,49.07,267.9959,80.31,17.128,6.1850000000000005,62.5,6320.0
modern alternative pop,33.1418846,59.203717899999994,215.4054231,52.8910256,13.2267949,9.593974399999999,41.154743599999996,6710.25641
modern dream pop,24.7654657,51.71388890000001,243.6022529,67.8004386,14.6610088,3.5979094000000003,47.9725731,5394.883041
modern indie pop,50.1571042,61.22395830000001,199.0614688,41.4976042,26.8273437,15.4220833,46.9719792,7131.7708330000005
modern power pop,12.739157500000001,46.667351000000004,187.56411780000002,80.9819014,21.8761546,4.7102341,53.0792664,4424.953557
moldovan pop,9.723888899999999,74.15,228.4903333,88.9055556,13.716111100000001,4.07,49.0144444,4255.555556
mongolian pop,1.635,79.05,145.3985,48.85,37.72,18.45,43.485,0.0
musica popular colombiana,43.4351849,68.609215,242.7850035,55.669681999999995,18.9046372,6.0639977,80.1061176,4134.042928
musica popular mineira,33.8840841,53.87235580000001,175.02113029999998,46.0924038,19.0366442,5.8488317,58.39807689999999,4141.105769
musica popular paraense,57.02,64.05999999999999,185.7894,51.559999999999995,16.922,11.974,71.2,4200.0
muzica populara,93.5460227,47.896996800000004,165.39164369999997,31.2262987,20.5492857,5.051493499999999,56.2306006,43.7229437
nederpop,23.3578259,52.516888900000005,218.4277789,60.4501667,16.8229111,3.8018111,56.0653333,4334.5
neo-synthpop,13.000891000000001,58.19022029999999,259.3584591,72.9534771,17.8068399,5.0578668,50.6571035,5171.475053
neon pop punk,7.2761133000000005,55.376269199999996,216.4634848,79.8991484,20.4491433,7.478894799999999,56.3137447,5009.298948
nepali pop,98.8,60.6,198.155,34.1,19.0,7.9399999999999995,66.60000000000001,0.0
new wave pop,21.4088472,60.506852300000006,252.3983974,64.9569463,18.7899449,4.8840838,62.863898,4371.101207000001
nigerian pop,19.4950248,67.4270833,216.337041,72.58068180000001,16.753951999999998,13.439589599999998,63.4359848,5094.760101
noise pop,16.074935200000002,46.051494399999996,238.56484849999998,72.79674109999999,20.4002488,5.9045635,48.0541271,4401.81429
norwegian pop,19.6888409,56.584772699999995,218.4918545,66.35472730000001,17.536628800000003,6.0056136,42.7620455,6223.257576
norwegian pop rap,13.100000000000001,43.0,211.68,60.6,17.299999999999997,4.31,12.3,7600.0
nyc pop,27.6425606,65.9014646,216.1170798,61.7121717,17.666944400000002,9.1991869,49.5223737,5899.343434
nz pop,27.133090199999998,62.3448284,202.4279464,55.8943352,16.946904099999998,6.0090253,42.1306586,6313.385315
okinawan pop,7.032016700000001,54.1,227.6366667,88.85,22.3633333,5.113333300000001,68.7666667,5300.0
operatic pop,77.6481195,31.9169765,232.7968107,28.0902748,17.4309714,4.3862758,21.9472525,4187.770629
pakistani pop,70.225812,52.738034199999994,312.0878479,39.586410300000004,30.0024615,6.4295469999999995,61.961453,3127.179487
palestinian pop,78.0,35.099999999999994,493.796,60.6,53.5,3.11,51.300000000000004,0.0
panamanian pop,22.495554000000002,75.75865859999999,217.091466,72.0426961,21.317089799999998,10.5721116,64.02571999999999,4546.229632
persian pop,56.35416669999999,65.2625,295.3942813,45.48125,16.565625,7.8547917,68.3989583,3633.333333
pinoy pop punk,1.76,60.4,284.987,75.6,10.6,3.52,30.8,5700.0
polish pop,48.9,59.199999999999996,179.5,33.6,11.4,3.8699999999999997,55.50000000000001,3500.0
polynesian pop,33.6364292,72.4079274,238.3251402,54.2657721,15.517331,9.7528016,75.1717892,4566.210172
pop,27.687283200000003,62.8348761,216.3362591,61.1041167,17.5072549,8.5784373,47.9474178,6074.590869
pop argentino,14.0529083,60.185416700000005,233.9849625,71.7679167,29.4408333,3.3615,66.5016667,6275.0
pop chileno,44.1625,48.3125,244.205125,48.325,16.71,3.8275000000000006,27.212500000000002,4825.0
pop dance,14.6834049,65.0180395,221.0474113,72.9253571,18.2242636,8.2601941,50.468769,5869.147354
pop edm,11.2805392,60.2536451,220.01750339999998,76.7961213,17.6469597,6.6815235,40.1622857,5742.577361
pop electronico,11.7111667,73.6033333,207.79006669999998,71.2066667,9.8841667,6.7866667000000005,62.019999999999996,5558.3333330000005
pop emo,5.628033100000001,52.07870919999999,210.0351895,82.3199055,20.8128988,6.793539899999999,53.2457952,4964.834891
pop flamenco,49.6875,65.60000000000001,230.405125,58.074999999999996,34.0375,6.101249999999999,69.125,5162.5
pop folk,74.00615379999999,48.4653846,258.1782615,30.3566154,9.6423846,3.8515,26.9629615,5945.384615
pop house,7.635447200000001,66.0144444,246.50365,83.1444444,22.1355556,9.572666700000001,45.9733333,3288.888889
pop nacional,15.602333299999998,70.0729167,207.15554170000001,75.46875,17.136875,7.6285416999999995,64.3875,6747.9166669999995
pop nacional antigas,23.205000000000002,46.25,207.805,53.025,10.235,3.05,51.24999999999999,4175.0
pop peruano,35.07,65.51,237.22660000000002,72.6733333,9.2143333,5.104,79.54,5246.666667
pop punk,8.4424367,50.4368317,214.4588228,80.1659922,20.945930200000003,7.8973069,50.47606329999999,4928.804323
pop quebecois,44.257142900000005,55.971428599999996,224.379,54.114285699999996,18.5742857,3.37,45.2714286,4700.0
pop r&b,25.9011989,66.2562037,233.2242633,57.1495909,16.7000336,12.835823900000001,45.3401288,5592.2694710000005
pop rap,15.9326559,70.4426904,233.32428969999998,66.64405140000001,19.505907999999998,16.099541000000002,53.347743,5495.821554
pop reggaeton,37.2289674,64.7948107,231.2016488,66.5140415,13.1516056,8.154479,73.558486,5114.886039999999
pop rock,22.8890894,54.5934217,239.3177058,66.12218279999999,17.8513477,5.247520499999999,49.8105721,5058.087780000001
pop rock brasileiro,4.09,56.8,265.04,70.0,8.38,2.58,57.099999999999994,6100.0
pop romantico,49.7285546,50.75600489999999,211.6786784,49.986682,22.139475,4.1663141,53.042498800000004,4053.679502
pop soul,35.9154874,60.17466099999999,237.1691794,53.043352600000006,22.1793583,9.8418619,41.499277899999996,6030.357143
pop venezolano,28.2003401,66.477551,265.7467143,61.6795918,12.4561905,8.2319048,41.5857143,5352.040816000001
pop violin,43.3933708,46.40875,229.4286667,57.4686111,22.8154167,4.4848056,42.037638900000005,4098.611111
popgaze,32.85143,72.2816667,246.3759833,61.46,15.531666699999999,3.6408333,74.0016667,5570.0
popping,34.7590156,77.5536909,262.3699509,63.0347438,11.9040462,10.434434099999999,68.5333086,4568.210409
pops orchestra,83.20688779999999,32.1355995,261.3562793,21.10625,18.105861,7.4718112,31.2424617,2109.630102
popwave,20.794808,58.825,317.07825,62.425,19.811999999999998,3.27,28.499999999999996,5765.0
post-teen pop,18.4585178,62.189618599999996,213.8980994,69.399902,18.314365199999997,7.911349400000001,53.6098792,5761.245576
power pop,11.8254309,50.407510200000004,213.2325558,73.6407198,18.219279099999998,5.3053987,62.4471401,3563.351871
power-pop punk,7.646033500000001,39.8222222,164.33472690000002,86.3078704,25.6351852,7.4415740999999995,61.076851899999994,3789.3518520000002
psychedelic pop,49.785605700000005,56.5975313,218.5294173,53.2156419,25.7362212,7.4904661,53.4004806,4441.079658000001
puerto rican pop,42.333646,52.0339424,241.0182146,60.995554799999994,22.0864781,5.191203300000001,52.8421229,5395.829756
punjabi pop,36.7328571,69.57142859999999,234.362,68.9142857,19.9571429,9.2714286,71.4285714,3800.0
romanian pop,6.0186667,74.72,221.8624,86.2866667,10.2553333,4.26,60.7133333,5266.6666669999995
russian pop,56.87818180000001,63.127272700000006,215.0698909,61.5603636,14.757272699999998,4.7429091,54.8654545,5360.0
scandipop,33.7600511,64.4231163,223.247396,60.60911490000001,14.816737,8.0618477,46.9932209,6749.893161999999
sertanejo pop,57.6008627,57.7898824,194.0100918,50.9944627,38.261254900000004,5.2920706,68.2367059,3514.196078
shimmer pop,15.5022769,58.3694808,234.45583050000002,71.1237699,17.3365796,5.3318339,48.8161999,5290.101675
shiver pop,21.552737099999998,61.589168400000005,251.74311360000002,60.958539599999995,15.0804462,7.3983813,42.4163895,4872.210953
singaporean mandopop,62.95128209999999,55.9513889,278.0207083,50.753311999999994,15.5614316,3.2526923,32.6157051,5363.675214
singaporean pop,67.0587179,57.671111100000005,267.2400667,44.894188,16.016068399999998,3.3213077,32.601794899999994,5636.324786
socal pop punk,7.6197608,47.652459400000005,205.45660750000002,83.2533763,21.004145299999998,7.205181099999999,54.9402918,4714.628164
social media pop,23.4666095,65.8125866,192.57344880000002,65.083722,18.8926855,12.6905936,50.424119700000006,6082.075452
soda pop,62.106666700000005,57.24,144.2992,48.286666700000005,27.883999999999997,10.0793333,75.7066667,2573.333333
sophisti-pop,23.8185915,63.8481681,247.1153823,62.25328449999999,15.2994774,4.0102364,65.8666902,4279.988404000001
south african pop,23.0052857,75.4214286,264.1705,64.75,16.3007143,5.5814286,69.0285714,6435.714285999999
south african pop dance,5.0385,77.35,226.482,79.7,9.02,9.719999999999999,79.60000000000001,7250.0
soviet synthpop,18.0,71.1,256.336,71.5,12.6,3.32,89.9,4300.0
space age pop,70.727393,49.9409069,165.4855619,36.828000700000004,17.7675889,5.127826,54.276334299999995,1647.6808890000002
spanish indie pop,49.284,58.46,198.066,46.78,9.68,3.596,48.76,6540.000000000001
spanish noise pop,51.300000000000004,41.9,233.96,47.3,13.3,2.88,32.4,6500.0
spanish pop,31.1556332,60.5559918,245.9114553,67.20284050000001,22.9633385,7.2053936,60.7094762,5710.2700509999995
spanish pop rock,33.3119108,61.03377210000001,231.7226856,63.097102299999996,20.3018613,7.1470804,59.0521363,5116.984922000001
spanish synthpop,19.0833333,58.9333333,223.1246667,81.0666667,11.1833333,3.45,62.6,5833.3333330000005
stomp pop,12.3561476,63.19704,212.2814808,77.89903849999999,20.6998661,6.1904186,51.733043,5465.686275
sudanese pop,6.49,48.199999999999996,322.858,56.2,31.0,7.37,51.6,5000.0
sunshine pop,50.1453419,50.800100699999994,173.5346862,53.334086,19.378273200000002,4.4213244,62.075196899999995,3019.855773
swamp pop,55.3370458,56.739722400000005,176.36134099999998,53.7100191,22.650013599999998,4.5950826,76.0625595,3115.913767
swedish electropop,24.7411986,61.318179900000004,222.23549789999998,70.3006827,18.527502300000002,6.842124600000001,46.7512489,5573.964370000001
swedish idol pop,2.67,53.7,203.307,75.9,9.47,4.44,37.7,5200.0
swedish indie pop,21.090338,58.5942658,242.4229029,65.595634,19.3264139,4.4707878,41.2420392,5014.082789
swedish pop,25.964478000000003,62.1896038,218.04624479999998,66.3628666,18.0047368,7.0036531,52.0860831,5616.82619
swedish synthpop,27.9232582,61.79981060000001,245.1233466,65.2763889,17.9099242,5.4117866,47.5842298,5261.426767999999
swiss pop,15.680666700000002,73.85000000000001,206.2601667,71.1333333,11.86,5.975,53.4666667,5283.3333330000005
synthpop,14.839656600000001,63.49494369999999,263.4617696,68.2314893,19.6826631,4.7167538,66.25308319999999,4251.134954
syrian pop,82.7096154,37.9346154,370.9187115,27.4769231,33.1042308,4.4113462,45.913461500000004,1034.615385
taiwan pop,52.5208045,56.2088045,256.8584207,43.1234058,15.428607,3.1273497999999997,40.7714448,4808.078475
tajik pop,99.1,78.9,209.717,33.5,18.9,9.48,84.7,0.0
tamil pop,59.494182900000006,63.2229951,255.96511170000002,41.4165318,15.6937978,10.0837287,62.7953953,2740.672896
teen pop,27.386637699999998,64.66207729999999,205.93077780000002,72.5272947,17.992862300000002,5.6483816,59.897705300000005,5789.251208000001
texas pop punk,3.8895679000000003,55.822222200000006,182.01265510000002,83.55505050000001,17.8884848,8.6606854,66.7212121,5441.6305919999995
thai pop,29.193333300000003,67.5583333,227.5480833,71.2416667,13.641666699999998,4.0008333,65.7583333,133.3333333
transpop,24.2626074,54.809640400000006,215.3080964,62.9438262,19.1322178,12.4556444,66.8087812,4218.181818
tunisian pop,17.599999999999998,80.7,281.443,63.9,5.8999999999999995,4.16,69.19999999999999,4900.0
turkish pop,57.4060428,50.0470588,221.2952995,49.7414439,20.8612567,7.8270856,55.007219299999996,4213.368984000001
turkish trap pop,26.2142857,66.2571429,149.57657139999998,52.9714286,11.2042857,14.5285714,21.0714286,1142.857143
twee pop,25.6403639,49.128977299999995,215.0596705,63.6727273,19.0472727,4.4752841000000005,68.6198864,3892.613636
ugandan pop,4.83,73.8,342.76,56.39999999999999,7.24,3.81,93.30000000000001,3600.0
uk alternative pop,19.0343702,62.169458899999995,231.27071669999998,67.6032828,13.3430996,6.693603200000001,51.5624502,4979.98557
uk pop,29.0866008,59.838366,208.5289374,61.096054200000005,16.8825441,7.5412326,45.9779706,6291.493941000001
uk pop punk,33.045475,48.607499999999995,161.1949,69.43625,17.4675,9.464,58.794999999999995,4385.0
ukrainian pop,18.2,74.2,217.12,93.89999999999999,5.67,3.62,86.5,4000.0
underground power pop,10.612629,48.2220752,201.47624789999998,76.2851537,17.5270667,4.9879212,68.90039660000001,3603.148591
uzbek pop,99.1,78.9,209.717,33.5,18.9,9.48,84.7,0.0
v-pop,36.6,79.2,256.227,49.2,17.9,2.98,68.10000000000001,4100.0
vapor pop,37.5338133,56.099444399999996,223.9662011,58.0528889,12.5529778,6.0896222,46.0313333,5799.555556
vietnamese pop,36.6,79.2,256.227,49.2,17.9,2.98,68.10000000000001,4100.0
vintage chinese pop,67.0555101,47.9987624,224.3514092,36.2676944,22.680277200000003,3.8708544,42.8970058,3422.066316
vintage dutch pop,85.1,47.4,243.1575,31.5,47.599999999999994,55.50000000000001,37.75,900.0
vintage italian pop,96.79374080000001,46.5674553,188.6117777,25.3254133,20.852500199999998,7.9295031,52.6151099,471.1601012
vintage spanish pop,76.7642857,51.8357143,174.4255357,57.6464286,37.45,10.1464286,69.3607143,0.0
vintage swedish pop,73.8509091,44.587878800000006,166.9078182,35.583787900000004,21.2066667,5.2357576,55.1484848,1943.9393939999998
viral pop,41.196689,57.551952299999996,215.4039287,54.022479700000005,14.8411832,5.9686299,42.7711401,5981.194582
zambian pop,47.3,68.89999999999999,42.813,77.5,21.9,21.9,64.60000000000001,0.0
