genres,acousticness,danceability,duration_ms,energy,liveness,speechiness,valence,popularity
acoustic pop,4902.35026,5351.08317,0.2353797836,4764.39922,1577.5049900000001,417.70664999999997,3794.1535299999996,531155.0475
afghan pop,4106.28571,6517.14286,0.3265039286,6515.71429,874.60714,844.14286,7841.07143,393214.2857
afropop,4366.59746,6258.0321300000005,0.3099689753,5345.2464,1598.84035,770.84721,6484.71126,413803.41479999997
albanian pop,28.7,6830.000000000001,0.187106,6650.0,839.0,499.0,6670.0,420000.0
alternative pop,1100.67832,4550.66258,0.221230531,7592.710150000001,1725.94815,509.04131,5475.57736,376370.9806
alternative pop rock,1704.67446,6192.29437,0.2001459481,7202.441559999999,1875.8303,687.05931,6437.60173,540809.5238
ambient pop,7447.0833299999995,2764.1666699999996,0.2287964667,2177.3,1265.23333,360.84999999999997,1686.68333,445833.33330000006
antiviral pop,1776.6136299999998,6606.96595,0.20600262889999998,7229.74734,2184.7259,1077.3111099999999,6122.801780000001,543221.3620000001
arab pop,4787.7108800000005,5789.1037400000005,0.28691401569999997,5411.3818,1702.25425,538.87577,6027.47364,351887.7551
argentine telepop,1939.9999999999998,6220.0,0.201773,6969.999999999999,3050.0,288.0,8430.0,590000.0
art pop,3383.0742400000004,5390.91244,0.2535570744,5387.30452,1698.7846100000002,541.8891,4183.113670000001,500939.632
australian alternative pop,6837.29043,4844.1739099999995,0.2504631652,3959.73913,1433.6695699999998,443.87825999999995,1335.02609,630434.7826
australian electropop,1755.74947,5741.81519,0.26349608020000004,6615.493119999999,1779.7723300000002,483.45304000000004,4125.06821,505878.8515
australian pop,2320.96394,5906.32402,0.241329884,6490.48972,1661.59345,593.37497,4888.09386,575264.6006
austrian pop,2983.33333,4861.6666700000005,0.23705316669999998,5018.33333,1743.66667,616.08333,1962.5,497500.0
austropop,2187.6,7496.000000000001,0.2623678,7114.0,1202.8,661.9999999999999,8438.0,554000.0
bahamian pop,640.3333299999999,8157.777779999999,0.1998445556,8758.88889,1684.0,853.7777800000001,8433.333330000001,502222.2222
barbadian pop,1704.8723,7242.426520000001,0.2387462925,7161.50896,1228.2638,747.11685,7399.88459,549093.1900000001
baroque pop,3601.76606,5098.73387,0.2275691448,5732.25039,1859.4192,434.75125,5176.14991,431015.32050000003
bedroom pop,4223.825580000001,6158.65376,0.1978140949,4839.11121,1659.84828,556.89892,4897.5724,650201.3746999999
belarusian pop,285.0,3300.0,0.292027,9130.0,3459.9999999999995,450.0,2940.0,570000.0
belgian pop,689.21333,6744.6666700000005,0.21126535559999998,8132.6666700000005,1590.84444,1057.08889,5192.0,546000.0
beninese pop,576.0,6630.0,0.305733,8490.0,3579.9999999999995,358.0,9660.0,410000.0
bitpop,732.63059,4525.58824,0.2938876176,8460.88235,1750.11765,601.76471,3331.7647099999995,507352.9412
bow pop,5384.474580000001,4439.91428,0.24377291299999998,4315.74539,1811.53424,558.12761,3768.5684,434664.7198000001
boy pop,772.0000000000001,5880.0,0.2061935,8120.0,1739.9999999999998,562.0,5805.0,515000.0
brill building pop,5479.29154,5284.41099,0.1694809666,5000.191989999999,2133.27362,478.20156000000003,6539.0012400000005,329851.256
britpop,1168.3142500000001,4796.05026,0.23968402090000002,7065.776320000001,2052.24369,492.45408,5279.2688,481057.5796
bubblegum pop,3996.4049699999996,5530.26764,0.17468856640000002,5645.81035,1928.1920599999999,505.78414,6903.441049999999,354618.5552
c-pop,5956.49059,5391.53612,0.24952269000000002,4034.9868100000003,1955.43709,349.16118,3852.5899699999995,430565.6876
cameroonian pop,719.0,5420.0,0.223154,8120.0,587.0,1850.0,8990.0,0.0
canadian electropop,1940.43574,6357.24471,0.2126401415,6314.37169,1458.7877,586.42751,3896.03836,567037.037
canadian pop,2973.6432400000003,5768.2963899999995,0.2331740513,6088.36196,1740.02716,705.5159399999999,4711.0522,531723.2409
canadian pop punk,1334.72549,4768.78136,0.2036219516,7908.838710000001,1579.0100400000001,653.64803,5280.87455,523311.828
candy pop,1220.55345,5542.25551,0.21527092809999998,7557.93723,2080.7297399999998,619.09969,5132.85647,495988.34420000005
canto popular uruguayo,7525.0,5990.0,0.266867,2785.0,1095.0,347.50000000000006,3875.0,430000.0
cantopop,6088.66543,5648.70118,0.23617855170000002,4298.58288,1619.36584,327.71641,3740.6933700000004,464051.3945
chamber pop,4834.92422,5082.65748,0.2503081172,4791.486419999999,1481.57095,407.83283,4081.2799,509952.28419999994
channel pop,6374.36191,5540.35124,0.2148450771,4257.22796,1509.7135,435.59675999999996,3846.26722,485037.8788
chicago pop punk,2863.875,3990.0000000000005,0.2436585,6482.5,1362.0,386.0,3495.0000000000005,545000.0
chill pop,6248.18125,7429.375,0.1956203125,4385.625,1340.25,1145.1875,8222.5,291250.0
chinese electropop,25.7,6600.0,0.217088,7870.0,3230.0000000000005,320.0,1989.9999999999998,785000.0
chinese idol pop,1420.0,7509.999999999999,0.23215,7189.999999999999,1480.0,373.0,4370.0,730000.0
christian pop,1754.8616299999999,5410.5370299999995,0.2506208959,6688.249429999999,1775.48332,471.13934000000006,4198.99156,531946.7796
classic arab pop,7575.0605000000005,4567.9581,0.4182904274,3568.18334,2851.97001,505.44552999999996,5051.90879,195330.03
classic belgian pop,3340.0,4926.6666700000005,0.2026796667,6583.3333299999995,1269.16667,676.5,7265.000000000001,571666.6667000001
classic cantopop,5783.41514,5390.129150000001,0.23915033700000002,3949.4366499999996,1913.61391,331.49259,3780.7375800000004,410451.2281
classic colombian pop,6099.19066,6627.849839999999,0.1919092285,4404.42039,1694.89789,604.1204,7605.875120000001,221864.59
classic country pop,5375.133760000001,5942.58183,0.177349585,4456.088650000001,1711.5301599999998,412.94085,6548.39092,348184.888
classic czech pop,8960.0,3213.3333299999995,0.145627,3176.6666699999996,1002.0,358.33333,4250.0,46666.66667
classic danish pop,5491.32772,6146.77193,0.2283220596,4427.79649,1517.81053,1097.33684,6134.77193,243543.8596
classic finnish pop,6730.000000000001,7750.0,0.15148,4870.0,2030.0,1220.0,9210.0,380000.0
classic french pop,1449.9999999999998,7170.0,0.24928,8040.000000000001,3000.0,689.0,8510.0,490000.0
classic greek pop,7669.130750000001,5455.29454,0.1922405352,3946.43678,1554.22055,427.79598000000004,6112.090520000001,266443.9655
classic icelandic pop,5320.0,5600.000000000001,0.40798700000000004,3050.0,6650.0,278.0,393.0,470000.0
classic indo pop,409.0,3700.0,0.295947,5140.0,2830.0,302.0,1700.0,560000.0
classic israeli pop,5200.54535,5214.79365,0.2378773378,4925.12132,1339.45159,562.14603,4975.94501,392097.50570000004
classic italian folk pop,9178.693440000001,4124.185210000001,0.18632322350000002,2051.8006499999997,2480.48099,419.40598000000006,4455.915980000001,62715.246349999994
classic italian pop,6118.954320000001,5020.50651,0.2276171697,4108.3510400000005,1923.09771,556.3902300000001,5142.76803,349633.4378000001
classic korean pop,4255.52381,4900.476189999999,0.24090999999999999,2767.14286,1030.33333,297.42857000000004,2270.0,319523.80950000003
classic latvian pop,7256.66667,2766.66667,0.211369,3986.6666700000005,931.33333,315.0,2449.33333,6666.66667
classic mandopop,5573.23246,5410.27955,0.27014309000000003,4284.49652,2214.77962,352.89181,3666.3887299999997,441646.0658999999
classic norwegian pop,3701.5,5045.0,0.218527,6305.0,1167.0,568.0000000000001,7220.0,385000.0
classic pakistani pop,7818.773810000001,5344.36812,0.27417632049999996,4024.7990900000004,2119.29846,774.3239100000001,6448.53465,204486.26010000004
classic persian pop,7216.739129999999,4812.65217,0.3035540022,4392.0869600000005,2011.06522,763.6087,5437.28261,325652.17390000005
classic peruvian pop,6624.107139999999,6254.50893,0.21870386160000002,6010.17857,2150.55357,747.9553599999999,7961.875000000001,215892.8571
classic polish pop,5916.66667,6066.6666700000005,0.18854116669999998,4596.66667,1073.0,410.00000000000006,6870.0,418333.33330000006
classic punjabi pop,5857.66667,6650.0,0.2174523333,5286.6666700000005,2733.33333,695.0000000000001,7350.0,340000.0
classic russian pop,7841.7613599999995,5780.662880000001,0.1735162027,2853.77273,1721.07955,1004.64015,6991.3825799999995,355833.3333
classic swedish pop,4321.47451,5993.2941200000005,0.1989964667,5907.2686300000005,1608.2470600000001,539.9294100000001,6498.627449999999,407980.3922
classic thai pop,3690.0,5660.0,0.234853,7459.999999999999,959.0,332.0,6300.0,10000.0
classic tunisian pop,1759.9999999999998,8070.0,0.281443,6390.0,590.0,416.0,6919.999999999999,490000.0
classic turkish pop,7281.66667,4487.222220000001,0.2078758889,4991.66667,3583.88889,504.94444,5717.22222,361666.6667
classic uk pop,3754.6384799999996,5572.61496,0.22499812789999998,5539.411010000001,1877.87262,556.52345,6244.34854,404199.6483
classic venezuelan pop,5824.46843,6019.01261,0.2153952667,5917.402779999999,1348.99223,557.4763600000001,7893.05313,359006.2692
collage pop,2494.7666700000004,6486.25,0.19645812499999998,7225.41667,2855.8125,1202.125,5208.125,480208.33330000006
colombian pop,3208.9601200000006,7208.163450000001,0.22330730480000005,6690.302820000001,1544.97196,752.74942,6866.92889,637385.5681
country pop,2011.67692,5811.0050200000005,0.21041763130000002,6885.56523,1693.1385500000001,451.97756999999996,5552.32685,574276.5665999999
croatian pop,3488.5833300000004,5615.83333,0.2319842083,7098.75,1182.5,473.66666999999995,5448.33333,408750.0
cumbia pop,673.5,7605.0,0.2155198333,6911.66667,3115.0,966.0,8238.33333,633333.3333
cypriot pop,9471.11111,3896.6666700000005,0.1969956667,5888.88889,2165.33333,380.0,7511.11111,0.0
dance pop,1836.86807,6518.11584,0.2291908339,6843.806820000001,1816.7060500000002,844.31742,5456.98019,556683.3968
danish electropop,9460.0,5420.0,0.247818,1600.0,2630.0,365.0,1980.0,530000.0
danish pop,419.64444,7442.063490000001,0.2231055714,7272.698410000001,1320.2857099999999,967.71429,5181.42857,596507.9365
danish pop rock,5376.54762,4691.66667,0.35471878570000004,4593.095240000001,5212.119049999999,422.21428999999995,4718.095240000001,445714.2857
deep acoustic pop,35.699999999999996,4190.0,0.214333,7340.000000000001,2430.0,294.0,7289.999999999999,360000.0
deep dance pop,1054.5,7105.0,0.25724,8330.0,2820.0,1515.0,4440.0,735000.0
deep indian pop,6177.19075,6209.86972,0.26009114720000004,4319.81999,1780.7041900000002,943.5673599999999,6375.93789,251412.719
deep pop edm,2973.14286,6155.0,0.2130948571,4900.71429,991.9285699999999,496.07143,2936.57143,625000.0
desi pop,4532.90193,6330.71066,0.28668203950000004,5792.7891500000005,1562.11994,878.51035,6536.817499999999,417113.5988
dominican pop,3427.5687399999997,7313.650539999999,0.2600056177,6452.18907,1561.41142,683.8609099999999,8064.198600000001,468842.212
dream pop,3192.3820100000003,4244.34378,0.2821678662,5652.7107,1664.0646199999999,473.71713,3640.83517,448281.03040000005
dutch pop,3224.56227,6546.865320000001,0.19966368550000002,6058.47475,1489.4094300000002,909.84478,5033.64646,576676.7677
dutch rap pop,897.86667,9074.0,0.1513318667,7092.66667,802.26667,619.33333,7282.6666700000005,672666.6667000001
early synthpop,679.22068,6424.305560000001,0.26040584260000005,6215.27778,1887.24228,478.47377,6312.373460000001,367145.0617
ecuadorian pop,3850.3789699999998,7384.146830000001,0.23655410710000002,6416.26984,1851.3908700000002,658.3749999999999,7713.234129999999,509543.65080000006
egyptian pop,969.11111,7583.33333,0.236204,7506.66667,1654.33333,541.44444,8252.22222,532222.2222000001
electro-pop francais,3515.33333,7081.66667,0.2719173333,5375.0,2240.33333,418.33333,3733.33333,605000.0
electropop,1804.6412799999998,6377.0934099999995,0.22933217479999998,6793.17144,1839.17721,778.1152500000001,4618.6222800000005,577507.0926000001
electropowerpop,406.17938000000004,5753.212920000001,0.20862272050000003,7905.921050000001,2157.13756,884.57765,5829.18182,509053.6569
estonian pop,3600.0,5192.85714,0.1730508571,8395.71429,3065.71429,1681.85714,5107.14286,584285.7143
etherpop,3386.48599,5781.71525,0.2355104914,5544.28049,1375.41179,713.8494400000001,3359.9456000000005,527881.5822
ethiopian pop,7490.000000000001,4690.0,0.30229300000000003,2039.9999999999998,1060.0,518.0,3420.0000000000005,390000.0
europop,1501.40775,6623.489240000001,0.24176112079999998,7610.82483,1963.86156,543.30727,6515.37843,521908.9771
experimental pop,3272.69404,5359.814329999999,0.23983820069999998,5442.02118,1767.3778900000002,540.1402,4310.29719,472944.7245
faroese pop,8750.0,3710.0,0.17197300000000001,3340.0,1140.0,296.0,3080.0,370000.0
folk-pop,3930.9757400000003,5690.47784,0.2104994004,5260.21384,1444.47009,491.09714,4210.1625300000005,561268.0488
french indie pop,4425.58333,6771.6666700000005,0.2521443056,5465.27778,1848.0555599999998,431.83333,5149.61111,539444.4443999999
french pop,5070.18646,5572.61736,0.23093365019999998,4794.86857,1852.83846,462.9342899999999,5116.341100000001,490943.56779999996
french synthpop,2254.7061,6634.98667,0.27957341869999996,7358.52,1514.68,435.116,6699.18133,549826.6667
funk pop,3041.11111,7568.888889999999,0.1985885556,7139.999999999999,1690.33333,1980.88889,7413.33333,728888.8889
futurepop,395.75,6486.25,0.340119625,6052.5,2753.5,340.875,6342.5,460000.0
gabonese pop,483.0,7380.0,0.34276,5639.999999999999,724.0,381.0,9330.0,360000.0
garage pop,1572.35883,4595.5,0.1914494,8241.58333,1817.175,658.7750000000001,5625.0833299999995,442750.0
gauze pop,1481.83103,5833.29957,0.24771769159999998,5714.42241,1485.58621,485.98276,3399.12069,553836.2069
german pop,3329.99185,6447.759400000001,0.2441381126,5715.64599,1609.5656,467.63252,5449.223680000001,554515.0376
german pop rock,2997.504,6184.0,0.22036940000000002,5514.0,1269.2,325.0,5088.0,704000.0000000001
glitch pop,2156.8,5350.0,0.3002108,6788.0,1123.0,371.6,2982.0,560000.0
greek pop,7851.78025,5830.6399,0.1979283654,4566.72708,1625.94283,516.60742,6742.108730000001,224535.00519999999
grunge pop,8.94975,5495.0,0.2114038333,8696.666669999999,2864.1666699999996,613.6666700000001,4205.0,421666.66670000006
guatemalan pop,6220.0,5910.0,0.265307,6720.0,1120.0,375.0,2670.0000000000005,740000.0
guinean pop,5360.0,4745.0,0.424133,5450.000000000001,1300.0,368.5,6300.0,320000.0
gujarati pop,7359.999999999999,6190.0,0.19525299999999998,4280.0,1360.0,281.0,5420.0,640000.0
haryanvi pop,9940.0,5620.0,0.17534,2000.0,1500.0,750.0,2160.0,0.0
hip pop,1713.9142399999996,7017.33392,0.25491479570000003,6556.43221,1861.36789,1592.23962,5939.00285,478958.7654999999
hokkien pop,5753.5,4681.5,0.31240195,5132.0,5046.5,470.65000000000003,3372.5,486500.0
hungarian pop,9510.0,5900.0,0.18419999999999997,4120.0,977.0,326.0,7459.999999999999,0.0
hyperpop,2456.3785500000004,6364.026790000001,0.1750004098,6149.250000000001,2468.14464,1203.62589,5538.125,557142.8571
icelandic pop,4533.52365,4930.36864,0.32167651799999997,3963.2508199999997,2619.07577,393.71627,2176.07663,461672.1753
ilocano pop,8110.625,6865.625,0.17760512499999997,2666.5625,1437.125,372.9375,7663.124999999999,340625.0
indie cafe pop,5185.53007,5641.5339,0.2154276124,4408.88667,1474.58296,604.78461,3582.4734200000003,616453.1789
indie dream pop,3916.95,5746.6666700000005,0.2114243333,5616.66667,1140.8333300000002,393.83333,3671.6666699999996,528333.3333
indie electropop,1882.68479,6286.476189999999,0.2172971591,6424.5727799999995,1969.3348199999998,879.0439899999999,3746.7202399999996,584494.3182
indie pop,3105.7207399999998,5584.55291,0.22297767999999998,5997.767320000001,1760.04229,605.91028,4650.99676,549943.4738
indie pop rap,1537.4380300000003,6661.96204,0.2191652834,7105.839559999999,2208.56163,1871.9531499999998,5092.55169,555976.6412
indie poptimism,1729.8945099999996,6074.9898,0.2188771395,6903.19909,1727.7018299999997,713.92508,4571.3893,577362.2076000001
indie psych-pop,5694.44444,5848.88889,0.19918577780000002,3923.8888899999997,1274.38889,517.6666700000001,3410.3333300000004,602222.2222000001
indonesian pop,4008.55556,4831.11111,0.2334244444,4015.55556,1921.88889,502.99999999999994,3448.8888899999997,550000.0
irish pop,3231.87,5627.349999999999,0.193648415,5871.6,1035.69,581.855,3888.36,606850.0
israeli pop,4292.99524,6364.95238,0.22373678749999998,5555.57857,1746.5249999999996,773.2452400000001,4766.19881,544523.8095
italian adult pop,4896.77503,5399.309389999999,0.24230622,5243.196140000001,1848.77659,740.5157099999999,5571.70655,454750.43269999995
italian indie pop,3637.83333,6475.0,0.2661243333,6066.6666700000005,1737.8333300000002,355.0,6153.33333,516666.66670000006
italian pop rock,3356.66667,6333.33333,0.31973366670000003,3380.0000000000005,1196.0,294.66667,4826.6666700000005,486666.66670000006
j-pop,1152.16686,5303.04623,0.2563605287,8196.6575,2168.76253,620.99655,5552.4423,563055.8332999999
j-pop girl group,2654.5,6048.3333299999995,0.2358033333,8663.333330000001,1660.33333,513.5,8201.66667,480000.0
j-poprock,809.1631299999999,4892.87149,0.2425582588,8797.50223,2020.89978,801.65294,5260.38754,574085.5655
jangle pop,1246.98558,4784.79349,0.2271706668,7151.27808,2135.60128,438.51250999999996,6380.2421699999995,367670.3886
japanese city pop,2759.88826,6647.469239999999,0.27352996789999995,6758.96995,1762.8474999999999,417.74172,6938.64715,398574.8413
japanese dream pop,1743.1000000000001,6211.0,0.5127174999999999,7067.0,1581.1,446.40000000000003,4934.0,463000.0
japanese electropop,831.5300000000001,6641.249999999999,0.1871161875,8171.875,2231.9375,1088.25,6691.249999999999,596250.0
japanese pop punk,801.7777199999999,4295.625,0.2537471667,8665.20833,2548.39583,538.27083,5230.972220000001,440208.33330000006
jazz pop,7130.2306,6002.6417,0.2489938142,3247.1154300000003,1483.3584999999998,537.49739,3129.9528800000003,519906.6051
jordanian pop,26.200000000000003,7250.0,0.247933,8740.0,958.0,396.0,7480.0,670000.0
k-pop,1867.7534600000001,6756.199610000001,0.2144475994,7431.872990000001,1916.1087200000002,880.07334,5914.7837500000005,635566.5412999999
k-pop boy group,1490.82012,6607.107639999999,0.2234545684,7529.09173,1606.0879100000002,729.37455,5929.72136,589434.9567999999
k-pop girl group,1157.8278,7136.47289,0.2038132191,8274.599339999999,1876.7033399999998,907.94469,6487.234619999999,648707.9304
kashmiri pop,9898.75,6655.0,0.180375125,1547.875,1485.5,2457.5,7138.75,0.0
korean pop,3877.0592399999996,6183.50498,0.2336829983,5878.25028,1485.9501699999998,560.28239,5365.16058,493914.7287
la pop,1879.81546,5772.97436,0.2285885842,6521.8895,2142.67906,1119.45482,3808.84737,590600.1221
latin arena pop,3005.96749,6068.37275,0.2473522298,6098.152910000001,2025.56794,500.29507000000007,5185.60924,562547.9713
latin pop,3353.7724000000003,6273.65649,0.2336686798,6309.33397,1858.47677,562.27445,5948.27435,545949.554
latin viral pop,2249.74163,7030.72061,0.2245840761,6794.9235100000005,1825.1566,925.21457,6193.312399999999,555664.2511999999
latvian pop,7256.66667,2766.66667,0.211369,3986.6666700000005,931.33333,315.0,2449.33333,6666.66667
lebanese pop,6136.54762,5317.353169999999,0.3236367034,4199.05754,1700.81548,485.32123,5291.88294,327182.5397
mainland chinese pop,5595.0,5550.000000000001,0.269357,4587.5,1409.5,361.75,4290.0,560000.0
malaysian mandopop,6103.75,5243.75,0.26484025,4268.75,1389.5,311.125,2471.25,503750.0
malaysian pop,987.9250000000001,5578.75,0.23810050000000002,5798.75,1391.125,420.0,3017.0,526250.0
mande pop,6429.794869999999,5347.48718,0.37189829739999997,3740.7307699999997,1607.8987200000001,398.49615,5899.846149999999,446858.9744
mandopop,5121.74308,5576.20195,0.270475126,4599.49001,1710.66386,325.30525,3407.6340600000003,519131.6623000001
marathi pop,2780.0000000000005,7440.000000000001,0.30963999999999997,7000.0,680.0000000000001,376.0,8660.0,590000.0
metropopolis,2011.4623900000001,5933.22446,0.24380331630000002,6723.33881,1658.9635600000001,595.54128,4377.4841799999995,529371.542
mexican pop,3184.53595,6468.87286,0.2328024995,6344.27314,1885.6514499999998,578.80198,5630.58439,571279.2212
mexican pop punk,58.818000000000005,4907.0,0.2679959,8031.0,1712.8,618.5,6250.0,632000.0
modern alternative pop,3314.18846,5920.37179,0.21540542310000002,5289.10256,1322.67949,959.3974400000001,4115.47436,671025.641
modern dream pop,2476.54657,5171.388890000001,0.24360225289999998,6780.043860000001,1466.10088,359.79094000000003,4797.25731,539488.3041
modern indie pop,5015.71042,6122.39583,0.1990614688,4149.76042,2682.73437,1542.2083300000002,4697.19792,713177.0833
modern power pop,1273.91575,4666.7351,0.18756411779999999,8098.19014,2187.61546,471.02341,5307.926640000001,442495.35569999996
moldovan pop,972.3888900000001,7415.000000000001,0.22849033330000001,8890.55556,1371.6111099999998,407.0,4901.44444,425555.5556
mongolian pop,163.5,7905.0,0.1453985,4885.0,3772.0,1845.0,4348.5,0.0
musica popular colombiana,4343.51849,6860.9215,0.24278500349999999,5566.9682,1890.46372,606.39977,8010.611760000001,413404.2928
musica popular mineira,3388.4084100000005,5387.2355800000005,0.1750211303,4609.24038,1903.66442,584.88317,5839.80769,414110.5769
musica popular paraense,5702.0,6405.999999999999,0.1857894,5156.0,1692.2,1197.4,7120.0,420000.0
muzica populara,9354.60227,4789.69968,0.16539164369999995,3122.62987,2054.92857,505.1493499999999,5623.06006,4372.2943700000005
nederpop,2335.7825900000003,5251.68889,0.21842777889999998,6045.01667,1682.29111,380.18111,5606.53333,433450.0
neo-synthpop,1300.0891,5819.022029999999,0.2593584591,7295.34771,1780.68399,505.78668000000005,5065.710349999999,517147.5053
neon pop punk,727.61133,5537.626920000001,0.2164634848,7989.91484,2044.9143299999998,747.8894799999999,5631.37447,500929.89479999995
nepali pop,9880.0,6060.0,0.198155,3410.0,1900.0,793.9999999999999,6660.000000000001,0.0
new wave pop,2140.88472,6050.685230000001,0.2523983974,6495.69463,1878.9944899999998,488.40838,6286.3898,437110.1207000001
nigerian pop,1949.5024799999999,6742.70833,0.216337041,7258.068180000001,1675.3952,1343.9589599999997,6343.59848,509476.01009999996
noise pop,1607.4935200000002,4605.14944,0.2385648485,7279.674109999999,2040.02488,590.45635,4805.4127100000005,440181.429
norwegian pop,1968.8840899999998,5658.47727,0.2184918545,6635.47273,1753.6628800000003,600.56136,4276.20455,622325.7576
norwegian pop rap,1310.0,4300.0,0.21168,6060.0,1729.9999999999998,430.99999999999994,1230.0,760000.0
nyc pop,2764.25606,6590.14646,0.2161170798,6171.21717,1766.6944400000002,919.9186900000001,4952.237370000001,589934.3434
nz pop,2713.30902,6234.48284,0.2024279464,5589.4335200000005,1694.6904099999997,600.9025300000001,4213.06586,631338.5315
okinawan pop,703.20167,5410.0,0.22763666670000002,8885.0,2236.33333,511.33333000000005,6876.6666700000005,530000.0
operatic pop,7764.811950000001,3191.69765,0.2327968107,2809.0274799999997,1743.09714,438.62757999999997,2194.72525,418777.06289999996
pakistani pop,7022.5812000000005,5273.80342,0.3120878479,3958.64103,3000.24615,642.9547,6196.1453,312717.9487
palestinian pop,7800.0,3509.9999999999995,0.493796,6060.0,5350.0,311.0,5130.0,0.0
panamanian pop,2249.5553999999997,7575.865859999999,0.217091466,7204.26961,2131.7089800000003,1057.2111599999998,6402.571999999999,454622.96319999994
persian pop,5635.41667,6526.25,0.2953942813,4548.125,1656.5625,785.47917,6839.89583,363333.3333
pinoy pop punk,176.0,6040.0,0.28498700000000005,7559.999999999999,1060.0,352.0,3080.0,570000.0
polish pop,4890.0,5920.0,0.1795,3360.0,1140.0,387.0,5550.000000000001,350000.0
polynesian pop,3363.6429200000002,7240.792740000001,0.23832514019999998,5426.57721,1551.7331000000001,975.28016,7517.17892,456621.0172
pop,2768.72832,6283.48761,0.2163362591,6110.4116699999995,1750.72549,857.8437299999999,4794.741779999999,607459.0869
pop argentino,1405.2908300000001,6018.5416700000005,0.2339849625,7176.7916700000005,2944.08333,336.15,6650.1666700000005,627500.0
pop chileno,4416.25,4831.25,0.24420512500000002,4832.5,1671.0,382.7500000000001,2721.25,482500.0
pop dance,1468.34049,6501.80395,0.2210474113,7292.53571,1822.42636,826.01941,5046.8769,586914.7354
pop edm,1128.05392,6025.36451,0.2200175034,7679.6121299999995,1764.69597,668.15235,4016.2285699999998,574257.7361
pop electronico,1171.1166699999999,7360.33333,0.2077900667,7120.66667,988.41667,678.6666700000001,6202.0,555833.3333
pop emo,562.80331,5207.870919999999,0.2100351895,8231.99055,2081.28988,679.3539899999998,5324.57952,496483.48910000006
pop flamenco,4968.75,6560.000000000001,0.230405125,5807.5,3403.75,610.1249999999999,6912.5,516250.0
pop folk,7400.615379999999,4846.53846,0.2581782615,3035.66154,964.23846,385.15000000000003,2696.2961499999997,594538.4615
pop house,763.5447200000001,6601.44444,0.24650365,8314.44444,2213.55556,957.26667,4597.33333,328888.88889999996
pop nacional,1560.2333299999998,7007.29167,0.20715554169999997,7546.875,1713.6875,762.8541699999998,6438.75,674791.6667000001
pop nacional antigas,2320.5,4625.0,0.20780500000000002,5302.5,1023.5,305.0,5124.999999999999,417500.0
pop peruano,3507.0,6551.000000000001,0.23722659999999998,7267.3333299999995,921.43333,510.40000000000003,7954.000000000001,524666.6667000001
pop punk,844.24367,5043.68317,0.2144588228,8016.59922,2094.5930200000003,789.73069,5047.60633,492880.43230000004
pop quebecois,4425.714290000001,5597.14286,0.224379,5411.42857,1857.42857,337.0,4527.14286,470000.0
pop r&b,2590.11989,6625.62037,0.23322426329999998,5714.95909,1670.0033600000002,1283.58239,4534.01288,559226.9471000001
pop rap,1593.26559,7044.26904,0.23332428970000002,6664.405140000001,1950.5908000000002,1609.9541000000002,5334.7743,549582.1554
pop reggaeton,3722.89674,6479.48107,0.2312016488,6651.40415,1315.16056,815.4479,7355.8486,511488.60399999993
pop rock,2288.90894,5459.34217,0.2393177058,6612.218279999999,1785.1347700000001,524.7520499999999,4981.05721,505808.77800000005
pop rock brasileiro,409.0,5680.0,0.26504,7000.0,838.0000000000001,258.0,5710.0,610000.0
pop romantico,4972.855460000001,5075.600489999999,0.2116786784,4998.6682,2213.9475,416.63141,5304.249879999999,405367.9502
pop soul,3591.54874,6017.4661,0.23716917939999999,5304.335260000001,2217.93583,984.18619,4149.927790000001,603035.7143
pop venezolano,2820.03401,6647.7551,0.2657467143,6167.95918,1245.61905,823.1904800000001,4158.57143,535204.0816
pop violin,4339.33708,4640.875,0.2294286667,5746.86111,2281.54167,448.48055999999997,4203.76389,409861.11110000004
popgaze,3285.143,7228.1666700000005,0.2463759833,6146.0,1553.16667,364.08333,7400.1666700000005,557000.0
popping,3475.90156,7755.369090000001,0.2623699509,6303.47438,1190.40462,1043.44341,6853.33086,456821.0409
pops orchestra,8320.688779999999,3213.55995,0.2613562793,2110.625,1810.5861,747.1811200000001,3124.24617,210963.01020000002
popwave,2079.4808,5882.5,0.31707825,6242.5,1981.2,327.0,2850.0,576500.0
post-teen pop,1845.85178,6218.96186,0.2138980994,6939.9902,1831.4365200000002,791.13494,5360.9879200000005,576124.5576000001
power pop,1182.5430900000001,5040.75102,0.2132325558,7364.07198,1821.92791,530.53987,6244.71401,356335.1871
power-pop punk,764.6033500000001,3982.2222199999997,0.16433472690000003,8630.78704,2563.51852,744.1574099999999,6107.68519,378935.18519999995
psychedelic pop,4978.560570000001,5659.75313,0.2185294173,5321.56419,2573.62212,749.04661,5340.04806,444107.96580000006
puerto rican pop,4233.3646,5203.39424,0.2410182146,6099.55548,2208.64781,519.1203300000001,5284.21229,539582.9756
punjabi pop,3673.2857099999997,6957.142859999999,0.234362,6891.428569999999,1995.7142900000001,927.14286,7142.857139999999,380000.0
romanian pop,601.86667,7472.0,0.22186240000000002,8628.66667,1025.53333,426.0,6071.33333,526666.6667000001
russian pop,5687.818180000001,6312.72727,0.21506989089999998,6156.03636,1475.7272699999999,474.29091000000005,5486.54545,536000.0
scandipop,3376.00511,6442.31163,0.22324739600000001,6060.91149,1481.6737,806.18477,4699.32209,674989.3161999999
sertanejo pop,5760.08627,5778.988240000001,0.1940100918,5099.44627,3826.12549,529.20706,6823.670590000001,351419.6078
shimmer pop,1550.22769,5836.94808,0.2344558305,7112.37699,1733.65796,533.18339,4881.61999,529010.1675
shiver pop,2155.2737100000004,6158.916840000001,0.2517431136,6095.85396,1508.0446200000001,739.83813,4241.6389500000005,487221.0953
singaporean mandopop,6295.128209999999,5595.13889,0.27802070830000003,5075.3312000000005,1556.14316,325.26923,3261.57051,536367.5214
singaporean pop,6705.87179,5767.111110000001,0.2672400667,4489.4188,1601.60684,332.13077000000004,3260.1794899999995,563632.4786
socal pop punk,761.97608,4765.245940000001,0.2054566075,8325.33763,2100.41453,720.5181099999999,5494.0291799999995,471462.81639999995
social media pop,2346.66095,6581.25866,0.1925734488,6508.3722,1889.2685499999998,1269.05936,5042.411970000001,608207.5452
soda pop,6210.6666700000005,5724.0,0.14429920000000002,4828.6666700000005,2788.4,1007.93333,7570.66667,257333.3333
sophisti-pop,2381.85915,6384.81681,0.2471153823,6225.328449999999,1529.94774,401.02364,6586.669019999999,427998.84040000004
south african pop,2300.5285700000004,7542.14286,0.26417050000000003,6475.0,1630.07143,558.1428599999999,6902.85714,643571.4286
south african pop dance,503.85,7734.999999999999,0.226482,7970.0,902.0,972.0000000000001,7960.000000000001,725000.0
soviet synthpop,1800.0,7109.999999999999,0.256336,7150.0,1260.0,332.0,8990.0,430000.0
space age pop,7072.739300000001,4994.09069,0.1654855619,3682.80007,1776.75889,512.7826,5427.63343,164768.08890000003
spanish indie pop,4928.4,5846.0,0.198066,4678.0,968.0,359.6,4876.0,654000.0000000001
spanish noise pop,5130.0,4190.0,0.23396,4730.0,1330.0,288.0,3240.0,650000.0
spanish pop,3115.56332,6055.59918,0.2459114553,6720.284050000001,2296.33385,720.53936,6070.94762,571027.0051000001
spanish pop rock,3331.19108,6103.377210000001,0.2317226856,6309.710230000001,2030.1861299999998,714.70804,5905.21363,511698.49220000004
spanish synthpop,1908.33333,5893.33333,0.2231246667,8106.66667,1118.33333,345.0,6260.0,583333.3333
stomp pop,1235.61476,6319.704,0.2122814808,7789.903849999999,2069.98661,619.04186,5173.3043,546568.6275
sudanese pop,649.0,4820.0,0.322858,5620.0,3100.0,737.0,5160.0,500000.0
sunshine pop,5014.534189999999,5080.01007,0.1735346862,5333.4086,1937.8273199999999,442.13244,6207.51969,301985.5773
swamp pop,5533.70458,5673.972240000001,0.17636134099999998,5371.00191,2265.00136,459.50825999999995,7606.255950000001,311591.3767
swedish electropop,2474.1198600000002,6131.81799,0.22223549790000002,7030.06827,1852.7502299999999,684.2124600000001,4675.12489,557396.437
swedish idol pop,267.0,5370.0,0.203307,7590.000000000001,947.0000000000001,444.00000000000006,3770.0000000000005,520000.0
swedish indie pop,2109.0337999999997,5859.42658,0.2424229029,6559.5634,1932.6413899999998,447.07878,4124.20392,501408.27890000003
swedish pop,2596.4478000000004,6218.96038,0.2180462448,6636.286660000001,1800.47368,700.36531,5208.6083100000005,561682.619
swedish synthpop,2792.32582,6179.981060000001,0.24512334659999999,6527.63889,1790.9924199999998,541.17866,4758.42298,526142.6767999999
swiss pop,1568.0666700000002,7385.000000000001,0.20626016670000002,7113.33333,1186.0,597.5,5346.66667,528333.3333
synthpop,1483.96566,6349.494369999999,0.2634617696,6823.14893,1968.26631,471.67538,6625.308319999999,425113.4954
syrian pop,8270.96154,3793.46154,0.3709187115,2747.69231,3310.4230800000005,441.13462,4591.346149999999,103461.53850000001
taiwan pop,5252.0804499999995,5620.88045,0.25685842070000003,4312.34058,1542.8607,312.73498,4077.14448,480807.84750000003
tajik pop,9910.0,7890.000000000001,0.20971700000000001,3350.0,1889.9999999999998,948.0,8470.0,0.0
tamil pop,5949.4182900000005,6322.29951,0.25596511169999997,4141.65318,1569.37978,1008.37287,6279.53953,274067.2896
teen pop,2738.66377,6466.207729999999,0.2059307778,7252.72947,1799.2862300000002,564.8381599999999,5989.770530000001,578925.1208
texas pop punk,388.95679,5582.222220000001,0.18201265509999998,8355.505050000002,1788.84848,866.06854,6672.12121,544163.0592
thai pop,2919.3333300000004,6755.83333,0.2275480833,7124.16667,1364.1666699999998,400.08333,6575.83333,13333.33333
transpop,2426.26074,5480.964040000001,0.2153080964,6294.382619999999,1913.2217799999999,1245.56444,6680.878119999999,421818.1818
tunisian pop,1759.9999999999998,8070.0,0.281443,6390.0,590.0,416.0,6919.999999999999,490000.0
turkish pop,5740.6042800000005,5004.70588,0.2212952995,4974.14439,2086.12567,782.70856,5500.721930000001,421336.89840000006
turkish trap pop,2621.42857,6625.714290000001,0.14957657139999997,5297.14286,1120.42857,1452.85714,2107.14286,114285.71429999999
twee pop,2564.03639,4912.897730000001,0.21505967050000002,6367.27273,1904.72727,447.52841000000006,6861.98864,389261.3636
ugandan pop,483.0,7380.0,0.34276,5639.999999999999,724.0,381.0,9330.0,360000.0
uk alternative pop,1903.43702,6216.94589,0.23127071670000002,6760.328280000001,1334.30996,669.3603200000001,5156.24502,497998.557
uk pop,2908.66008,5983.8366,0.2085289374,6109.605420000001,1688.25441,754.12326,4597.79706,629149.3941
uk pop punk,3304.5475,4860.75,0.1611949,6943.625,1746.75,946.4000000000001,5879.5,438500.0
ukrainian pop,1820.0,7420.0,0.21712,9390.0,567.0,362.0,8650.0,400000.0
underground power pop,1061.2629,4822.20752,0.20147624790000002,7628.515369999999,1752.7066699999998,498.79211999999995,6890.03966,360314.8591
uzbek pop,9910.0,7890.000000000001,0.20971700000000001,3350.0,1889.9999999999998,948.0,8470.0,0.0
v-pop,3660.0,7920.0,0.256227,4920.0,1789.9999999999998,298.0,6810.000000000001,410000.0
vapor pop,3753.3813299999997,5609.94444,0.2239662011,5805.28889,1255.29778,608.96222,4603.13333,579955.5556000001
vietnamese pop,3660.0,7920.0,0.256227,4920.0,1789.9999999999998,298.0,6810.000000000001,410000.0
vintage chinese pop,6705.551010000001,4799.87624,0.22435140920000002,3626.7694400000005,2268.02772,387.08544,4289.700580000001,342206.63159999996
vintage dutch pop,8510.0,4740.0,0.2431575,3150.0,4760.0,5550.000000000001,3775.0,90000.0
vintage italian pop,9679.37408,4656.74553,0.1886117777,2532.54133,2085.25002,792.95031,5261.51099,47116.01012
vintage spanish pop,7676.42857,5183.57143,0.17442553570000002,5764.64286,3745.0000000000005,1014.64286,6936.07143,0.0
vintage swedish pop,7385.09091,4458.787880000001,0.1669078182,3558.3787900000007,2120.66667,523.5757600000001,5514.84848,194393.9394
viral pop,4119.6689,5755.19523,0.2154039287,5402.24797,1484.11832,596.86299,4277.114009999999,598119.4582
zambian pop,4730.0,6889.999999999999,0.042813000000000004,7750.0,2190.0,2190.0,6460.000000000001,0.0
